1,Chicago Bears
2,Washington Commanders
3,New England Patriots
4,Arizona Cardinals
5,Los Angeles Chargers
6,New York Giants
7,Tennessee Titans
8,Atlanta Falcons
9,Chicago Bears
10,Minnesota Vikings
11,New York Jets
12,Denver Broncos
13,Las Vegas Raiders
14,New Orleans Saints
15,Indianapolis Colts
16,Seattle Seahawks
17,Minnesota Vikings
18,Cincinnati Bengals
19,Los Angeles Rams
20,Pittsburgh Steelers
21,Miami Dolphins
22,Philadelphia Eagles
23,Jacksonville Jaguars
24,Detroit Lions
25,Green Bay Packers
26,Tampa Bay Buccaneers
27,Arizona Cardinals
28,Kansas City Chiefs
29,Dallas Cowboys
30,Baltimore Ravens
31,San Francisco 49ers
32,Carolina Panthers
33,Buffalo Bills
34,Los Angeles Chargers
35,Atlanta Falcons
36,Washington Commanders
37,New England Patriots
38,Tennessee Titans
39,Los Angeles Rams
40,Philadelphia Eagles
41,New Orleans Saints
42,Houston Texans
43,Arizona Cardinals
44,Las Vegas Raiders
45,Green Bay Packers
46,Carolina Panthers
47,New York Giants
48,Jacksonville Jaguars
49,Cincinnati Bengals
50,Washington Commanders
51,Pittsburgh Steelers
52,Indianapolis Colts
53,Washington Commanders
54,Cleveland Browns
55,Miami Dolphins
56,Dallas Cowboys
57,Tampa Bay Buccaneers
58,Green Bay Packers
59,Houston Texans
60,Buffalo Bills
61,Detroit Lions
62,Baltimore Ravens
63,Kansas City Chiefs
64,San Francisco 49ers
65,New York Jets
66,Arizona Cardinals
67,Washington Commanders
68,New England Patriots
69,Los Angeles Chargers
70,New York Giants
71,Arizona Cardinals
72,Carolina Panthers
73,Dallas Cowboys
74,Atlanta Falcons
75,Chicago Bears
76,Denver Broncos
77,Las Vegas Raiders
78,Houston Texans
79,Indianapolis Colts
80,Cincinnati Bengals
81,Seattle Seahawks
82,Arizona Cardinals
83,Los Angeles Rams
84,Pittsburgh Steelers
85,Cleveland Browns
86,San Francisco 49ers
87,Dallas Cowboys
88,Green Bay Packers
89,Tampa Bay Buccaneers
90,Arizona Cardinals
91,Green Bay Packers
92,Tampa Bay Buccaneers
93,Baltimore Ravens
94,Philadelphia Eagles
95,Buffalo Bills
96,Jacksonville Jaguars
97,Cincinnati Bengals
98,Pittsburgh Steelers
99,Los Angeles Rams
100,Washington Commanders
101,Carolina Panthers
102,Denver Broncos
103,New England Patriots
104,Arizona Cardinals
105,Los Angeles Chargers
106,Tennessee Titans
107,New York Giants
108,Minnesota Vikings
109,Atlanta Falcons
110,New England Patriots
111,Green Bay Packers
112,Las Vegas Raiders
113,Baltimore Ravens
114,Jacksonville Jaguars
115,Cincinnati Bengals
116,Jacksonville Jaguars
117,Indianapolis Colts
118,Seattle Seahawks
119,Pittsburgh Steelers
120,Miami Dolphins
121,Seattle Seahawks
122,Chicago Bears
123,Houston Texans
124,San Francisco 49ers
125,Tampa Bay Buccaneers
126,Detroit Lions
127,Philadelphia Eagles
128,Buffalo Bills
129,San Francisco 49ers
130,Baltimore Ravens
131,Kansas City Chiefs
132,Detroit Lions
133,Kansas City Chiefs
134,New York Jets
135,San Francisco 49ers
136,Seattle Seahawks
137,Los Angeles Chargers
138,Arizona Cardinals
139,Washington Commanders
140,Los Angeles Chargers
141,Buffalo Bills
142,Indianapolis Colts
143,Atlanta Falcons
144,Chicago Bears
145,Denver Broncos
146,Tennessee Titans
147,Denver Broncos
148,Las Vegas Raiders
149,Cincinnati Bengals
150,New Orleans Saints
151,Indianapolis Colts
152,Philadelphia Eagles
153,Jacksonville Jaguars
154,Los Angeles Rams
155,Philadelphia Eagles
156,Cleveland Browns
157,Carolina Panthers
158,Miami Dolphins
159,Kansas City Chiefs
160,Buffalo Bills
161,Washington Commanders
162,Arizona Cardinals
163,Green Bay Packers
164,Indianapolis Colts
165,Baltimore Ravens
166,New York Giants
167,Jacksonville Jaguars
168,Buffalo Bills
169,Green Bay Packers
170,New Orleans Saints
171,New York Jets
172,Philadelphia Eagles
173,New York Jets
174,Dallas Cowboys
175,New Orleans Saints
176,New York Jets
177,Minnesota Vikings
178,Pittsburgh Steelers
179,Seattle Seahawks
180,New England Patriots
181,Los Angeles Chargers
182,Tennessee Titans
183,New York Giants
184,Miami Dolphins
185,Philadelphia Eagles
186,Atlanta Falcons
187,Atlanta Falcons
188,Houston Texans
189,Detroit Lions
190,Philadelphia Eagles
191,Arizona Cardinals
192,Seattle Seahawks
193,New England Patriots
194,Cincinnati Bengals
195,Pittsburgh Steelers
196,Los Angeles Rams
197,Atlanta Falcons
198,Miami Dolphins
199,New Orleans Saints
200,Carolina Panthers
201,Indianapolis Colts
202,Green Bay Packers
203,Minnesota Vikings
204,Buffalo Bills
205,Houston Texans
206,Cleveland Browns
207,Seattle Seahawks
208,Las Vegas Raiders
209,Los Angeles Rams
210,Detroit Lions
211,Kansas City Chiefs
212,Jacksonville Jaguars
213,Los Angeles Rams
214,Cincinnati Bengals
215,San Francisco 49ers
216,Dallas Cowboys
217,Los Angeles Rams
218,Baltimore Ravens
219,Buffalo Bills
220,Tampa Bay Buccaneers
221,Buffalo Bills
222,Washington Commanders
223,Las Vegas Raiders
224,Cincinnati Bengals
225,Los Angeles Chargers
226,Arizona Cardinals
227,Cleveland Browns
228,Baltimore Ravens
229,Las Vegas Raiders
230,Minnesota Vikings
231,New England Patriots
232,Minnesota Vikings
233,Dallas Cowboys
234,Indianapolis Colts
235,Denver Broncos
236,Jacksonville Jaguars
237,Cincinnati Bengals
238,Houston Texans
239,New Orleans Saints
240,Carolina Panthers
241,Miami Dolphins
242,Tennessee Titans
243,Cleveland Browns
244,Dallas Cowboys
245,Green Bay Packers
246,Tampa Bay Buccaneers
247,Houston Texans
248,Kansas City Chiefs
249,Houston Texans
250,Baltimore Ravens
251,San Francisco 49ers
252,Tennessee Titans
253,Los Angeles Chargers
254,Los Angeles Rams
255,Green Bay Packers
256,Denver Broncos
257,New York Jets